city,ID,paid_in_full,credit_score
Barranquilla,165,0.012121212121212121,338.2181818181818
Bogota,133,0.06015037593984962,385.09774436090225
Bucaramanga,156,0.5769230769230769,481.2307692307692
Cali,110,0.14545454545454545,414.96363636363634
Medellin,136,0.3235294117647059,451.2647058823529
