city,ID,paid_in_full,credit_score
Barranquilla,165,0.9878787878787879,338.2181818181818
Bogota,133,0.9398496240601504,385.09774436090225
Bucaramanga,156,0.4230769230769231,481.2307692307692
Cali,110,0.8545454545454545,414.96363636363634
Medellin,136,0.6764705882352942,451.2647058823529
