education,paid_in_full
master,0.20382165605095542
phd,0.11
school,0.3689839572192513
undergraduate,0.23717948717948717
