education,paid_in_full
master,0.7961783439490446
phd,0.89
school,0.6310160427807486
undergraduate,0.7628205128205128
