Statistic,Value
Historical Loss,1491510172.7132585
Current Credit Provision,683316676.7220889
Mean Credit Provision,2130728.8181617977
Median Credit Provision,1214036.969960351
